id,name,lat,lon,timezone,dir_ranges,speed_min,speed_max,gust_max,rain_mm_max,fly_start,fly_end,min_hours,skip,notes
lake-erie-cleveland,"Lake Erie ridge, Cleveland",41.4873,-81.7477,America/New_York,340-20,5,15,18,0.1,10,18,2,,Window crosses north. speed_min and speed_max (hard max; good max is 12) are working assumptions. Gust limit is the USHPA P3 recommendation.
tennessee-cliff,Tennessee cliff launch,35.349,-85.3321,America/Chicago,255-285,5,15,18,0.1,10,18,2,,Central time. Ideal direction 260-280; confirm direction and speed limits with the club. Stability check wanted but not scored yet.
canaan-valley,Canaan Valley Resort State Park,38.9989,-79.4352,America/New_York,180-270,0,15,18,0.1,10,18,2,,WV. Chairlift launch ~300 ft S of top of Ski Lift A (coords: Paragliding Earth #21300). Direction window is the 45-degree cross rule; speed 0-15 from club page (min not confirmed). Park allows gusts to 20; using the stricter P3 limit of 18. Not confirmed with the club.
richmond-dale,Richmond Dale,39.2182,-82.8428,,,,,,0.1,10,18,2,,"OH. Ridge/thermal launch facing SW; tight sloped takeoff surrounded by trees (Paragliding Earth #7343). Ohio Flyers membership needed for gate key. PGE: needs very specific wind speed and direction; not a beginner site. Wind criteria unknown."
wes-mar,Wes-Mar Airfield,39.7025,-83.1312,,,,,,0.1,10,18,2,,"OH. Grass runway, scooter towing for paragliders (Paragliding Earth #13558); PGE lists NE/E and SW/W runway directions. Ohio Flyers membership needed. Towing criteria differ from launch sites; wind criteria unknown."
high-point,High Point,,,,248-338,4,15,15,0.1,10,18,2,,"MD, Mountaineer HGA. Launch faces NW; Allegheny ridge, Allegany County, private road. Coordinates unknown (not on Paragliding Earth; club guide gives none). P3 plus thermal experience; sensitive site, club officer must guide. Criteria from club pages, not confirmed."
zirks,Zirk's,,,,,4,12,,0.1,10,18,2,,"MD, Mountaineer HGA. Faces NW but no direction window published. Speed conflict: sites page 0-15, site guide 4-12 for paragliders (using stricter). Gust limit unknown. Coordinates unknown. Sensitive site, club officer must guide."
spruce-knob,Spruce Knob,,,,,,,,0.1,10,18,2,,"WV, Mountaineer HGA (per CHGPA page). Not researched. Coordinates unknown."
north-mountain,North Mountain,,,,,,,,0.1,10,18,2,,"WV, Mountaineer HGA (per CHGPA page). Not researched. Coordinates unknown."
avonmore,Avonmore,,,,,,,,0.1,10,18,2,,"PA, Daedalus HGC. SW launch per ~18-year-old forum post (unverified). Three waivers: launch, right-of-way, LZ. Coordinates unknown."
templeton,Templeton,,,,,,,,0.1,10,18,2,,"PA, Daedalus HGC. NW launch per old forum post (unverified); appears active (July 2026 article). One waiver. Coordinates unknown."
hyner-view,Hyner View,41.3260,-77.6245,,135-225,,,,0.1,10,18,2,,"PA, Hyner HGC. Faces S, best in SE to SW. Coordinates: Paragliding Earth #14496. Speed source says '<15 km/h' (unit questionable). Club membership and waiver required; experienced pilots recommended."
the-pulpit,The Pulpit (near McConnellsburg),39.9144,-77.9583,,,,,,0.1,10,18,2,,"PA, owned by CHGPA. Coordinates: Paragliding Earth #7349. PGE: launch faces SW/W/NW; not flown in a north cross (rotor); gets blown out easily; PG pilots don't fly if surface wind is over 7 mph (often over 15 at launch)."
bills-hill,Bill's Hill (near Breezewood),40.0972,-78.0909,,,,,,0.1,10,18,2,,"PA. E launch per old forum post; PGE lists NE/E/SE. Coordinates: Paragliding Earth #15369. Notify Buchanan State Forest before flying. PGE: friendly P2 site, sometimes overgrown; LZ can be a long glide."
jacks-mountain,Jack's Mountain (near Lewistown),40.5443,-77.7542,,,,,,0.1,10,18,2,,"PA, Hyner HGC (per CHGPA page). SE launch per old forum post. Coordinates: Paragliding Earth #20241 'Jack's', likely but unconfirmed match (no details on PGE)."
