issued_date,site,target_date,p_flyable,n_members,criteria_version
2026-10-03,lake-erie-cleveland,2026-10-03,0.0,31,1
2026-10-03,lake-erie-cleveland,2026-10-04,0.0,31,1
2026-10-03,lake-erie-cleveland,2026-10-05,0.774,31,1
2026-10-03,lake-erie-cleveland,2026-10-06,0.065,31,1
2026-10-03,lake-erie-cleveland,2026-10-07,0.0,31,1
2026-10-03,lake-erie-cleveland,2026-10-08,0.032,31,1
2026-10-03,lake-erie-cleveland,2026-10-09,0.226,31,1
2026-10-03,lake-erie-cleveland,2026-10-10,0.065,31,1
2026-10-03,lake-erie-cleveland,2026-10-11,0.0,31,1
2026-10-03,lake-erie-cleveland,2026-10-12,0.032,31,1
2026-10-03,lake-erie-cleveland,2026-10-13,0.129,31,1
2026-10-03,lake-erie-cleveland,2026-10-14,0.194,31,1
2026-10-03,lake-erie-cleveland,2026-10-15,0.161,31,1
2026-10-03,lake-erie-cleveland,2026-10-16,0.065,31,1
2026-10-03,tennessee-cliff,2026-10-03,0.0,31,1
2026-10-03,tennessee-cliff,2026-10-04,0.0,31,1
2026-10-03,tennessee-cliff,2026-10-05,0.0,31,1
2026-10-03,tennessee-cliff,2026-10-06,0.0,31,1
2026-10-03,tennessee-cliff,2026-10-07,0.0,31,1
2026-10-03,tennessee-cliff,2026-10-08,0.0,31,1
2026-10-03,tennessee-cliff,2026-10-09,0.0,31,1
2026-10-03,tennessee-cliff,2026-10-10,0.0,31,1
2026-10-03,tennessee-cliff,2026-10-11,0.0,31,1
2026-10-03,tennessee-cliff,2026-10-12,0.032,31,1
2026-10-03,tennessee-cliff,2026-10-13,0.032,31,1
2026-10-03,tennessee-cliff,2026-10-14,0.0,31,1
2026-10-03,tennessee-cliff,2026-10-15,0.0,31,1
2026-10-03,tennessee-cliff,2026-10-16,0.032,31,1
2026-10-03,canaan-valley,2026-10-03,0.0,31,1
2026-10-03,canaan-valley,2026-10-04,0.806,31,1
2026-10-03,canaan-valley,2026-10-05,0.0,31,1
2026-10-03,canaan-valley,2026-10-06,0.129,31,1
2026-10-03,canaan-valley,2026-10-07,0.968,31,1
2026-10-03,canaan-valley,2026-10-08,0.355,31,1
2026-10-03,canaan-valley,2026-10-09,0.129,31,1
2026-10-03,canaan-valley,2026-10-10,0.355,31,1
2026-10-03,canaan-valley,2026-10-11,0.484,31,1
2026-10-03,canaan-valley,2026-10-12,0.387,31,1
2026-10-03,canaan-valley,2026-10-13,0.129,31,1
2026-10-03,canaan-valley,2026-10-14,0.258,31,1
2026-10-03,canaan-valley,2026-10-15,0.29,31,1
2026-10-03,canaan-valley,2026-10-16,0.258,31,1
2026-10-04,lake-erie-cleveland,2026-10-04,0.0,31,1
2026-10-04,lake-erie-cleveland,2026-10-05,0.194,31,1
2026-10-04,lake-erie-cleveland,2026-10-06,0.0,31,1
2026-10-04,lake-erie-cleveland,2026-10-07,0.0,31,1
2026-10-04,lake-erie-cleveland,2026-10-08,0.0,31,1
2026-10-04,lake-erie-cleveland,2026-10-09,0.065,31,1
2026-10-04,lake-erie-cleveland,2026-10-10,0.226,31,1
2026-10-04,lake-erie-cleveland,2026-10-11,0.0,31,1
2026-10-04,lake-erie-cleveland,2026-10-12,0.0,31,1
2026-10-04,lake-erie-cleveland,2026-10-13,0.097,31,1
2026-10-04,lake-erie-cleveland,2026-10-14,0.161,31,1
2026-10-04,lake-erie-cleveland,2026-10-15,0.065,31,1
2026-10-04,lake-erie-cleveland,2026-10-16,0.065,31,1
2026-10-04,lake-erie-cleveland,2026-10-17,0.097,31,1
2026-10-04,tennessee-cliff,2026-10-04,0.0,31,1
2026-10-04,tennessee-cliff,2026-10-05,0.0,31,1
2026-10-04,tennessee-cliff,2026-10-06,0.0,31,1
2026-10-04,tennessee-cliff,2026-10-07,0.0,31,1
2026-10-04,tennessee-cliff,2026-10-08,0.0,31,1
2026-10-04,tennessee-cliff,2026-10-09,0.0,31,1
2026-10-04,tennessee-cliff,2026-10-10,0.0,31,1
2026-10-04,tennessee-cliff,2026-10-11,0.032,31,1
2026-10-04,tennessee-cliff,2026-10-12,0.032,31,1
2026-10-04,tennessee-cliff,2026-10-13,0.032,31,1
2026-10-04,tennessee-cliff,2026-10-14,0.0,31,1
2026-10-04,tennessee-cliff,2026-10-15,0.0,31,1
2026-10-04,tennessee-cliff,2026-10-16,0.0,31,1
2026-10-04,tennessee-cliff,2026-10-17,0.0,31,1
2026-10-04,canaan-valley,2026-10-04,0.968,31,1
2026-10-04,canaan-valley,2026-10-05,0.0,31,1
2026-10-04,canaan-valley,2026-10-06,0.29,31,1
2026-10-04,canaan-valley,2026-10-07,0.871,31,1
2026-10-04,canaan-valley,2026-10-08,0.29,31,1
2026-10-04,canaan-valley,2026-10-09,0.452,31,1
2026-10-04,canaan-valley,2026-10-10,0.0,31,1
2026-10-04,canaan-valley,2026-10-11,0.065,31,1
2026-10-04,canaan-valley,2026-10-12,0.129,31,1
2026-10-04,canaan-valley,2026-10-13,0.194,31,1
2026-10-04,canaan-valley,2026-10-14,0.194,31,1
2026-10-04,canaan-valley,2026-10-15,0.226,31,1
2026-10-04,canaan-valley,2026-10-16,0.29,31,1
2026-10-04,canaan-valley,2026-10-17,0.194,31,1
2026-10-05,lake-erie-cleveland,2026-10-05,0.0,31,1
2026-10-05,lake-erie-cleveland,2026-10-06,0.0,31,1
2026-10-05,lake-erie-cleveland,2026-10-07,0.0,31,1
2026-10-05,lake-erie-cleveland,2026-10-08,0.0,31,1
2026-10-05,lake-erie-cleveland,2026-10-09,0.129,31,1
2026-10-05,lake-erie-cleveland,2026-10-10,0.29,31,1
2026-10-05,lake-erie-cleveland,2026-10-11,0.065,31,1
2026-10-05,lake-erie-cleveland,2026-10-12,0.258,31,1
2026-10-05,lake-erie-cleveland,2026-10-13,0.194,31,1
2026-10-05,lake-erie-cleveland,2026-10-14,0.161,31,1
2026-10-05,lake-erie-cleveland,2026-10-15,0.097,31,1
2026-10-05,lake-erie-cleveland,2026-10-16,0.129,31,1
2026-10-05,lake-erie-cleveland,2026-10-17,0.129,31,1
2026-10-05,lake-erie-cleveland,2026-10-18,0.129,31,1
2026-10-05,tennessee-cliff,2026-10-05,0.0,31,1
2026-10-05,tennessee-cliff,2026-10-06,0.0,31,1
2026-10-05,tennessee-cliff,2026-10-07,0.0,31,1
2026-10-05,tennessee-cliff,2026-10-08,0.0,31,1
2026-10-05,tennessee-cliff,2026-10-09,0.0,31,1
2026-10-05,tennessee-cliff,2026-10-10,0.0,31,1
2026-10-05,tennessee-cliff,2026-10-11,0.0,31,1
2026-10-05,tennessee-cliff,2026-10-12,0.0,31,1
2026-10-05,tennessee-cliff,2026-10-13,0.0,31,1
2026-10-05,tennessee-cliff,2026-10-14,0.0,31,1
2026-10-05,tennessee-cliff,2026-10-15,0.0,31,1
2026-10-05,tennessee-cliff,2026-10-16,0.0,31,1
2026-10-05,tennessee-cliff,2026-10-17,0.032,31,1
2026-10-05,tennessee-cliff,2026-10-18,0.129,31,1
2026-10-05,canaan-valley,2026-10-05,0.0,31,1
2026-10-05,canaan-valley,2026-10-06,0.355,31,1
2026-10-05,canaan-valley,2026-10-07,0.742,31,1
2026-10-05,canaan-valley,2026-10-08,0.032,31,1
2026-10-05,canaan-valley,2026-10-09,0.677,31,1
2026-10-05,canaan-valley,2026-10-10,0.29,31,1
2026-10-05,canaan-valley,2026-10-11,0.387,31,1
2026-10-05,canaan-valley,2026-10-12,0.323,31,1
2026-10-05,canaan-valley,2026-10-13,0.161,31,1
2026-10-05,canaan-valley,2026-10-14,0.161,31,1
2026-10-05,canaan-valley,2026-10-15,0.129,31,1
2026-10-05,canaan-valley,2026-10-16,0.161,31,1
2026-10-05,canaan-valley,2026-10-17,0.226,31,1
2026-10-05,canaan-valley,2026-10-18,0.29,31,1
2026-10-06,lake-erie-cleveland,2026-10-06,0.0,31,1
2026-10-06,lake-erie-cleveland,2026-10-07,0.0,31,1
2026-10-06,lake-erie-cleveland,2026-10-08,0.0,31,1
2026-10-06,lake-erie-cleveland,2026-10-09,0.097,31,1
2026-10-06,lake-erie-cleveland,2026-10-10,0.0,31,1
2026-10-06,lake-erie-cleveland,2026-10-11,0.0,31,1
2026-10-06,lake-erie-cleveland,2026-10-12,0.129,31,1
2026-10-06,lake-erie-cleveland,2026-10-13,0.065,31,1
2026-10-06,lake-erie-cleveland,2026-10-14,0.194,31,1
2026-10-06,lake-erie-cleveland,2026-10-15,0.097,31,1
2026-10-06,lake-erie-cleveland,2026-10-16,0.129,31,1
2026-10-06,lake-erie-cleveland,2026-10-17,0.129,31,1
2026-10-06,lake-erie-cleveland,2026-10-18,0.097,31,1
2026-10-06,lake-erie-cleveland,2026-10-19,0.097,31,1
2026-10-06,tennessee-cliff,2026-10-06,0.0,31,1
2026-10-06,tennessee-cliff,2026-10-07,0.0,31,1
2026-10-06,tennessee-cliff,2026-10-08,0.0,31,1
2026-10-06,tennessee-cliff,2026-10-09,0.0,31,1
2026-10-06,tennessee-cliff,2026-10-10,0.0,31,1
2026-10-06,tennessee-cliff,2026-10-11,0.032,31,1
2026-10-06,tennessee-cliff,2026-10-12,0.065,31,1
2026-10-06,tennessee-cliff,2026-10-13,0.032,31,1
2026-10-06,tennessee-cliff,2026-10-14,0.032,31,1
2026-10-06,tennessee-cliff,2026-10-15,0.0,31,1
2026-10-06,tennessee-cliff,2026-10-16,0.0,31,1
2026-10-06,tennessee-cliff,2026-10-17,0.065,31,1
2026-10-06,tennessee-cliff,2026-10-18,0.0,31,1
2026-10-06,tennessee-cliff,2026-10-19,0.0,31,1
2026-10-06,canaan-valley,2026-10-06,0.097,31,1
2026-10-06,canaan-valley,2026-10-07,0.935,31,1
2026-10-06,canaan-valley,2026-10-08,0.032,31,1
2026-10-06,canaan-valley,2026-10-09,0.0,31,1
2026-10-06,canaan-valley,2026-10-10,0.484,31,1
2026-10-06,canaan-valley,2026-10-11,0.194,31,1
2026-10-06,canaan-valley,2026-10-12,0.29,31,1
2026-10-06,canaan-valley,2026-10-13,0.226,31,1
2026-10-06,canaan-valley,2026-10-14,0.226,31,1
2026-10-06,canaan-valley,2026-10-15,0.065,31,1
2026-10-06,canaan-valley,2026-10-16,0.355,31,1
2026-10-06,canaan-valley,2026-10-17,0.194,31,1
2026-10-06,canaan-valley,2026-10-18,0.097,31,1
2026-10-06,canaan-valley,2026-10-19,0.258,31,1
2026-10-07,lake-erie-cleveland,2026-10-07,0.0,31,1
2026-10-07,lake-erie-cleveland,2026-10-08,0.0,31,1
2026-10-07,lake-erie-cleveland,2026-10-09,0.032,31,1
2026-10-07,lake-erie-cleveland,2026-10-10,0.0,31,1
2026-10-07,lake-erie-cleveland,2026-10-11,0.0,31,1
2026-10-07,lake-erie-cleveland,2026-10-12,0.194,31,1
2026-10-07,lake-erie-cleveland,2026-10-13,0.065,31,1
2026-10-07,lake-erie-cleveland,2026-10-14,0.194,31,1
2026-10-07,lake-erie-cleveland,2026-10-15,0.161,31,1
2026-10-07,lake-erie-cleveland,2026-10-16,0.097,31,1
2026-10-07,lake-erie-cleveland,2026-10-17,0.097,31,1
2026-10-07,lake-erie-cleveland,2026-10-18,0.129,31,1
2026-10-07,lake-erie-cleveland,2026-10-19,0.032,31,1
2026-10-07,lake-erie-cleveland,2026-10-20,0.065,31,1
2026-10-07,tennessee-cliff,2026-10-07,0.0,31,1
2026-10-07,tennessee-cliff,2026-10-08,0.0,31,1
2026-10-07,tennessee-cliff,2026-10-09,0.0,31,1
2026-10-07,tennessee-cliff,2026-10-10,0.0,31,1
2026-10-07,tennessee-cliff,2026-10-11,0.355,31,1
2026-10-07,tennessee-cliff,2026-10-12,0.194,31,1
2026-10-07,tennessee-cliff,2026-10-13,0.258,31,1
2026-10-07,tennessee-cliff,2026-10-14,0.0,31,1
2026-10-07,tennessee-cliff,2026-10-15,0.0,31,1
2026-10-07,tennessee-cliff,2026-10-16,0.032,31,1
2026-10-07,tennessee-cliff,2026-10-17,0.0,31,1
2026-10-07,tennessee-cliff,2026-10-18,0.032,31,1
2026-10-07,tennessee-cliff,2026-10-19,0.032,31,1
2026-10-07,tennessee-cliff,2026-10-20,0.097,31,1
2026-10-07,canaan-valley,2026-10-07,1.0,31,1
2026-10-07,canaan-valley,2026-10-08,0.0,31,1
2026-10-07,canaan-valley,2026-10-09,0.161,31,1
2026-10-07,canaan-valley,2026-10-10,0.161,31,1
2026-10-07,canaan-valley,2026-10-11,0.0,31,1
2026-10-07,canaan-valley,2026-10-12,0.032,31,1
2026-10-07,canaan-valley,2026-10-13,0.226,31,1
2026-10-07,canaan-valley,2026-10-14,0.226,31,1
2026-10-07,canaan-valley,2026-10-15,0.387,31,1
2026-10-07,canaan-valley,2026-10-16,0.29,31,1
2026-10-07,canaan-valley,2026-10-17,0.161,31,1
2026-10-07,canaan-valley,2026-10-18,0.097,31,1
2026-10-07,canaan-valley,2026-10-19,0.355,31,1
2026-10-07,canaan-valley,2026-10-20,0.355,31,1
2026-10-08,lake-erie-cleveland,2026-10-08,0.0,31,1
2026-10-08,lake-erie-cleveland,2026-10-09,0.0,31,1
2026-10-08,lake-erie-cleveland,2026-10-10,0.0,31,1
2026-10-08,lake-erie-cleveland,2026-10-11,0.0,31,1
2026-10-08,lake-erie-cleveland,2026-10-12,0.032,31,1
2026-10-08,lake-erie-cleveland,2026-10-13,0.097,31,1
2026-10-08,lake-erie-cleveland,2026-10-14,0.452,31,1
2026-10-08,lake-erie-cleveland,2026-10-15,0.0,31,1
2026-10-08,lake-erie-cleveland,2026-10-16,0.161,31,1
2026-10-08,lake-erie-cleveland,2026-10-17,0.161,31,1
2026-10-08,lake-erie-cleveland,2026-10-18,0.032,31,1
2026-10-08,lake-erie-cleveland,2026-10-19,0.032,31,1
2026-10-08,lake-erie-cleveland,2026-10-20,0.065,31,1
2026-10-08,lake-erie-cleveland,2026-10-21,0.194,31,1
2026-10-08,tennessee-cliff,2026-10-08,0.0,31,1
2026-10-08,tennessee-cliff,2026-10-09,0.0,31,1
2026-10-08,tennessee-cliff,2026-10-10,0.0,31,1
2026-10-08,tennessee-cliff,2026-10-11,0.161,31,1
2026-10-08,tennessee-cliff,2026-10-12,0.387,31,1
2026-10-08,tennessee-cliff,2026-10-13,0.419,31,1
2026-10-08,tennessee-cliff,2026-10-14,0.065,31,1
2026-10-08,tennessee-cliff,2026-10-15,0.0,31,1
2026-10-08,tennessee-cliff,2026-10-16,0.0,31,1
2026-10-08,tennessee-cliff,2026-10-17,0.032,31,1
2026-10-08,tennessee-cliff,2026-10-18,0.032,31,1
2026-10-08,tennessee-cliff,2026-10-19,0.097,31,1
2026-10-08,tennessee-cliff,2026-10-20,0.0,31,1
2026-10-08,tennessee-cliff,2026-10-21,0.0,31,1
2026-10-08,canaan-valley,2026-10-08,0.0,31,1
2026-10-08,canaan-valley,2026-10-09,0.161,31,1
2026-10-08,canaan-valley,2026-10-10,0.032,31,1
2026-10-08,canaan-valley,2026-10-11,0.0,31,1
2026-10-08,canaan-valley,2026-10-12,0.129,31,1
2026-10-08,canaan-valley,2026-10-13,0.29,31,1
2026-10-08,canaan-valley,2026-10-14,0.129,31,1
2026-10-08,canaan-valley,2026-10-15,0.387,31,1
2026-10-08,canaan-valley,2026-10-16,0.419,31,1
2026-10-08,canaan-valley,2026-10-17,0.161,31,1
2026-10-08,canaan-valley,2026-10-18,0.161,31,1
2026-10-08,canaan-valley,2026-10-19,0.226,31,1
2026-10-08,canaan-valley,2026-10-20,0.419,31,1
2026-10-08,canaan-valley,2026-10-21,0.258,31,1
2026-10-09,lake-erie-cleveland,2026-10-09,0.0,31,1
2026-10-09,lake-erie-cleveland,2026-10-10,0.0,31,1
2026-10-09,lake-erie-cleveland,2026-10-11,0.0,31,1
2026-10-09,lake-erie-cleveland,2026-10-12,0.032,31,1
2026-10-09,lake-erie-cleveland,2026-10-13,0.258,31,1
2026-10-09,lake-erie-cleveland,2026-10-14,0.452,31,1
2026-10-09,lake-erie-cleveland,2026-10-15,0.129,31,1
2026-10-09,lake-erie-cleveland,2026-10-16,0.032,31,1
2026-10-09,lake-erie-cleveland,2026-10-17,0.129,31,1
2026-10-09,lake-erie-cleveland,2026-10-18,0.097,31,1
2026-10-09,lake-erie-cleveland,2026-10-19,0.032,31,1
2026-10-09,lake-erie-cleveland,2026-10-20,0.032,31,1
2026-10-09,lake-erie-cleveland,2026-10-21,0.129,31,1
2026-10-09,lake-erie-cleveland,2026-10-22,0.065,31,1
2026-10-09,tennessee-cliff,2026-10-09,0.0,31,1
2026-10-09,tennessee-cliff,2026-10-10,0.0,31,1
2026-10-09,tennessee-cliff,2026-10-11,0.097,31,1
2026-10-09,tennessee-cliff,2026-10-12,0.097,31,1
2026-10-09,tennessee-cliff,2026-10-13,0.484,31,1
2026-10-09,tennessee-cliff,2026-10-14,0.0,31,1
2026-10-09,tennessee-cliff,2026-10-15,0.0,31,1
2026-10-09,tennessee-cliff,2026-10-16,0.065,31,1
2026-10-09,tennessee-cliff,2026-10-17,0.032,31,1
2026-10-09,tennessee-cliff,2026-10-18,0.0,31,1
2026-10-09,tennessee-cliff,2026-10-19,0.0,31,1
2026-10-09,tennessee-cliff,2026-10-20,0.0,31,1
2026-10-09,tennessee-cliff,2026-10-21,0.032,31,1
2026-10-09,tennessee-cliff,2026-10-22,0.0,31,1
2026-10-09,canaan-valley,2026-10-09,0.0,31,1
2026-10-09,canaan-valley,2026-10-10,0.0,31,1
2026-10-09,canaan-valley,2026-10-11,0.0,31,1
2026-10-09,canaan-valley,2026-10-12,0.0,31,1
2026-10-09,canaan-valley,2026-10-13,0.258,31,1
2026-10-09,canaan-valley,2026-10-14,0.194,31,1
2026-10-09,canaan-valley,2026-10-15,0.194,31,1
2026-10-09,canaan-valley,2026-10-16,0.226,31,1
2026-10-09,canaan-valley,2026-10-17,0.032,31,1
2026-10-09,canaan-valley,2026-10-18,0.065,31,1
2026-10-09,canaan-valley,2026-10-19,0.548,31,1
2026-10-09,canaan-valley,2026-10-20,0.29,31,1
2026-10-09,canaan-valley,2026-10-21,0.355,31,1
2026-10-09,canaan-valley,2026-10-22,0.194,31,1
2026-10-10,lake-erie-cleveland,2026-10-10,0.0,31,1
2026-10-10,lake-erie-cleveland,2026-10-11,0.0,31,1
2026-10-10,lake-erie-cleveland,2026-10-12,0.065,31,1
2026-10-10,lake-erie-cleveland,2026-10-13,0.0,31,1
2026-10-10,lake-erie-cleveland,2026-10-14,0.484,31,1
2026-10-10,lake-erie-cleveland,2026-10-15,0.032,31,1
2026-10-10,lake-erie-cleveland,2026-10-16,0.0,31,1
2026-10-10,lake-erie-cleveland,2026-10-17,0.065,31,1
2026-10-10,lake-erie-cleveland,2026-10-18,0.226,31,1
2026-10-10,lake-erie-cleveland,2026-10-19,0.032,31,1
2026-10-10,lake-erie-cleveland,2026-10-20,0.065,31,1
2026-10-10,lake-erie-cleveland,2026-10-21,0.194,31,1
2026-10-10,lake-erie-cleveland,2026-10-22,0.0,31,1
2026-10-10,lake-erie-cleveland,2026-10-23,0.032,31,1
2026-10-10,tennessee-cliff,2026-10-10,0.0,31,1
2026-10-10,tennessee-cliff,2026-10-11,0.0,31,1
2026-10-10,tennessee-cliff,2026-10-12,0.323,31,1
2026-10-10,tennessee-cliff,2026-10-13,0.194,31,1
2026-10-10,tennessee-cliff,2026-10-14,0.032,31,1
2026-10-10,tennessee-cliff,2026-10-15,0.0,31,1
2026-10-10,tennessee-cliff,2026-10-16,0.065,31,1
2026-10-10,tennessee-cliff,2026-10-17,0.0,31,1
2026-10-10,tennessee-cliff,2026-10-18,0.0,31,1
2026-10-10,tennessee-cliff,2026-10-19,0.0,31,1
2026-10-10,tennessee-cliff,2026-10-20,0.0,31,1
2026-10-10,tennessee-cliff,2026-10-21,0.032,31,1
2026-10-10,tennessee-cliff,2026-10-22,0.065,31,1
2026-10-10,tennessee-cliff,2026-10-23,0.032,31,1
2026-10-10,canaan-valley,2026-10-10,0.0,31,1
2026-10-10,canaan-valley,2026-10-11,0.0,31,1
2026-10-10,canaan-valley,2026-10-12,0.0,31,1
2026-10-10,canaan-valley,2026-10-13,0.71,31,1
2026-10-10,canaan-valley,2026-10-14,0.355,31,1
2026-10-10,canaan-valley,2026-10-15,0.29,31,1
2026-10-10,canaan-valley,2026-10-16,0.097,31,1
2026-10-10,canaan-valley,2026-10-17,0.065,31,1
2026-10-10,canaan-valley,2026-10-18,0.0,31,1
2026-10-10,canaan-valley,2026-10-19,0.258,31,1
2026-10-10,canaan-valley,2026-10-20,0.355,31,1
2026-10-10,canaan-valley,2026-10-21,0.226,31,1
2026-10-10,canaan-valley,2026-10-22,0.258,31,1
2026-10-10,canaan-valley,2026-10-23,0.226,31,1
